Stock,Stock Price,Market Capitalisation,Number of Shares to Buy,One-Year Price Return,One-Year Return Percentile,Six-Month Price Return,Six-Month Return Percentile,Three-Month Price Return,Three-Month Return Percentile,One-Month Price Return,One-Month Return Percentile,HQM Score,Trailing Price to Earnings Ratio
MMM,130.45,71037714432,N/A,0.5874338806828445,N/A,0.34240234175349804,N/A,0.00224515300081351,N/A,0.042064189210396424,N/A,N/A,13.645396
AOS,73.6,10671632384,N/A,-0.01993651007803719,N/A,-0.08247970653500607,N/A,-0.09019034431661525,N/A,-0.020495067902018098,N/A,N/A,19.419525
ABT,115.97,201145335808,N/A,0.1335344088289153,N/A,0.12337891218833931,N/A,0.016191823371485593,N/A,-0.01427965579336916,N/A,N/A,35.35671
ABBV,176.46,311829528576,N/A,0.2652036428992479,N/A,0.06485781233152238,N/A,-0.10026236636372714,N/A,-0.11976854928169439,N/A,N/A,63.247314
ACN,360.03,224966901760,N/A,0.08929414995271623,N/A,0.24453571314414213,N/A,0.05737530797076599,N/A,0.04690318810639703,N/A,N/A,31.443668
ADBE,536.49,236162891776,N/A,-0.10914611587254675,N/A,0.17104314120886194,N/A,-0.060503606326647315,N/A,0.11455280606068255,N/A,N/A,45.465252
AMD,143.99,233668411392,N/A,0.21633724734558232,N/A,-0.136647073666521,N/A,0.05148238230542098,N/A,0.023310305803642416,N/A,N/A,125.2087
AES,13.43,9549092864,N/A,-0.22060912625651427,N/A,-0.32683341555287865,N/A,-0.18970800806288649,N/A,-0.11818776075760944,N/A,N/A,9.326388
AFL,106.99,59435937792,N/A,0.3230417615859375,N/A,0.2222837334051069,N/A,-0.014636950661277244,N/A,0.028356581499208375,N/A,N/A,15.897473
A,140.2,39984058368,N/A,0.10377442037755007,N/A,0.05920638261914892,N/A,0.010529575883528241,N/A,0.00393846135019029,N/A,N/A,31.647856
APD,327.48,72824676352,N/A,0.28346183841632383,N/A,0.22984468072572645,N/A,0.1971308925358712,N/A,0.06988142022941879,N/A,N/A,19.006386
ABNB,139.07,86887038976,N/A,0.04008670269236413,N/A,-0.05394557823129256,N/A,0.20951466289563045,N/A,0.016073682774145337,N/A,N/A,48.288197
AKAM,98.3,14767314944,N/A,-0.1498010926754977,N/A,0.0919796008187403,N/A,-0.016606633650224953,N/A,-0.017393051775325193,N/A,N/A,29.08284
ALB,102.61,12060779520,N/A,-0.08095136953936177,N/A,-0.12452091576637875,N/A,0.22541282805421617,N/A,0.020284382135488544,N/A,N/A,
ARE,104.93,18337777664,N/A,-0.08569819112514536,N/A,-0.07853709044019537,N/A,-0.10437051050038057,N/A,-0.07133372879152854,N/A,N/A,63.98171
ALGN,235.29,17565128704,N/A,0.0925934215525376,N/A,-0.08611043342998935,N/A,0.03880794701986751,N/A,0.11628238619721695,N/A,N/A,40.151875
ALLE,141.07,12263116800,N/A,0.3568434435828017,N/A,0.20928438248942707,N/A,0.03315786015279509,N/A,0.011254480286738302,N/A,N/A,21.703077
LNT,61.78,15852686336,N/A,0.2499644057140414,N/A,0.2427606268356232,N/A,0.05943741133198713,N/A,0.07424798822969189,N/A,N/A,24.03891
ALL,204.95,54271377408,N/A,0.508775261106035,N/A,0.26820832051192106,N/A,0.08805319240284426,N/A,0.12880224173704866,N/A,N/A,13.248222
GOOGL,174.37,2143983763456,N/A,0.3344664154489881,N/A,-0.010910541228475887,N/A,0.10956643016331852,N/A,0.030311949541050758,N/A,N/A,23.156706
GOOG,176.09,2143983763456,N/A,0.33335177034094293,N/A,-0.010246974388987837,N/A,0.11166884115210483,N/A,0.03169678671416073,N/A,N/A,23.35411
MO,56.45,95672025088,N/A,0.4458713165307872,N/A,0.25976673163275094,N/A,0.06451946549688214,N/A,0.04769856868851523,N/A,N/A,9.616695
AMZN,218.16,2293952413696,N/A,0.48529406827061244,N/A,0.17924324324324323,N/A,0.23778723404255317,N/A,0.11431198978569887,N/A,N/A,45.640167
AMCR,10.47,15132710912,N/A,0.17459325236871948,N/A,0.055184153751416165,N/A,-0.05210698682509961,N/A,0.03933662498846223,N/A,N/A,19.754719
AEE,92.43,24672155648,N/A,0.2311015725601905,N/A,0.304393627402055,N/A,0.11869760721227052,N/A,0.0745175959902839,N/A,N/A,21.748236
AEP,96.25,51259379712,N/A,0.26302553146330865,N/A,0.10562055272439053,N/A,-0.04313989139938728,N/A,-0.0123142082314613,N/A,N/A,19.405241
AXP,302.6,213165064192,N/A,0.7941369901730095,N/A,0.304025599710462,N/A,0.1929955464180285,N/A,0.11995261581013622,N/A,N/A,22.217329
AIG,75.96,47381495808,N/A,0.17716994568424493,N/A,0.015503215346189194,N/A,0.004575589193331973,N/A,-0.0048473971201211125,N/A,N/A,15.101391
AMT,207.5,96962469888,N/A,0.018595613933901904,N/A,0.05641721220991432,N/A,-0.09272169547312913,N/A,-0.021734008755297612,N/A,N/A,50.0
AWK,131.01,25533061120,N/A,0.019905605644845087,N/A,0.014153639136853191,N/A,-0.08169847043711428,N/A,-0.02617962820283222,N/A,N/A,25.994047
AMP,561.42,54465933312,N/A,0.6142475307991996,N/A,0.32814864490522516,N/A,0.2740137358444153,N/A,0.10823349070939461,N/A,N/A,21.461008
AME,195.0,45105061888,N/A,0.2621172248732947,N/A,0.15976909382421542,N/A,0.1718652641779703,N/A,0.08381503993177306,N/A,N/A,34.031414
AMGN,278.26,149573943296,N/A,0.05832270099780138,N/A,-0.07606329405987661,N/A,-0.15135640406871337,N/A,-0.1149373226214949,N/A,N/A,35.583122
APH,74.4,89697386496,N/A,0.6432394395389245,N/A,0.14188240355378787,N/A,0.20488665881551582,N/A,0.09058925049419964,N/A,N/A,42.514286
ADI,218.3,108341633024,N/A,0.22386703935140953,N/A,-0.07687728227780329,N/A,-0.001874659143527793,N/A,-0.026272368871335532,N/A,N/A,66.75841
ANSS,361.45,31608803328,N/A,0.2942672475355199,N/A,0.1130785199130174,N/A,0.16966543540977366,N/A,0.11503577220081761,N/A,N/A,55.522274
AON,382.0,82613608448,N/A,0.1953707299869752,N/A,0.3422426026607281,N/A,0.10512312522292498,N/A,0.044743421661036224,N/A,N/A,32.6775
APA,22.2,8212824064,N/A,-0.33997014008573273,N/A,-0.22683010998572262,N/A,-0.1614341938522384,N/A,-0.05692442070567038,N/A,N/A,3.1534092
AAPL,243.01,3673290440704,N/A,0.262540126283318,N/A,0.2523599539944045,N/A,0.09205620359024394,N/A,0.09579463448187882,N/A,N/A,39.837704
AMAT,181.16,149349023744,N/A,0.24922773694471714,N/A,-0.17955343388538836,N/A,-0.009728740365969523,N/A,-0.001286885714766418,N/A,N/A,21.287897
APTV,56.41,13258380288,N/A,-0.3022881748345856,N/A,-0.30615008754565676,N/A,-0.19540722423455228,N/A,0.00858215076354641,N/A,N/A,6.2817373
ACGL,98.48,37052313600,N/A,0.2653049570307025,N/A,0.03482418691398181,N/A,-0.08551693278222398,N/A,0.09016007180816657,N/A,N/A,6.68114
ADM,51.77,24773705728,N/A,-0.27652952395249414,N/A,-0.13838825619296366,N/A,-0.13793776661945534,N/A,-0.05500521268100587,N/A,N/A,14.542135
ANET,105.43,132816494592,N/A,0.9550321583337525,N/A,0.4219914002934348,N/A,0.2907688492420252,N/A,0.06797000300167835,N/A,N/A,50.444977
AJG,307.26,67426979840,N/A,0.2638470925497912,N/A,0.22643823524521373,N/A,0.04548556019994477,N/A,0.09092848094620636,N/A,N/A,58.525715
AIZ,224.38,11507866624,N/A,0.3252669875853618,N/A,0.31083427007007114,N/A,0.14020025232559102,N/A,0.17359693046065755,N/A,N/A,16.027143
T,23.53,168834580480,N/A,0.4510514100367877,N/A,0.32329382204559953,N/A,0.16652534589403112,N/A,0.07344890137328236,N/A,N/A,19.286886
ATO,144.0,22377598976,N/A,0.2980354890315595,N/A,0.2623788669297095,N/A,0.09851932678851918,N/A,0.05207954177182705,N/A,N/A,21.364986
ADSK,304.23,65564303360,N/A,0.38004084468836674,N/A,0.4093204562071967,N/A,0.1799636033209396,N/A,0.05774982673247373,N/A,N/A,60.60359
ADP,303.49,123659116544,N/A,0.3405800072577745,N/A,0.23717446427779462,N/A,0.10696381282031905,N/A,0.04702275352669349,N/A,N/A,32.45882
AZO,3189.98,53924376576,N/A,0.1942436871101115,N/A,0.1538292060256955,N/A,0.016024002324089858,N/A,0.04714819299799245,N/A,N/A,21.32197
AVB,227.8,32401588224,N/A,0.340978310233224,N/A,0.16729518834304632,N/A,0.010533041919475955,N/A,0.04256292906178495,N/A,N/A,31.162792
AVY,204.36,16419590144,N/A,0.07470256846536766,N/A,-0.09190539932686902,N/A,-0.06295846387993267,N/A,-0.0016042423483857084,N/A,N/A,24.503597
AXON,687.39,52416786432,N/A,1.966468135589604,N/A,1.4624396024701365,N/A,0.9354375293169728,N/A,0.5927659205557244,N/A,N/A,178.54286
BKR,42.56,42114228224,N/A,0.33109925151644715,N/A,0.3562039776931384,N/A,0.2591187629072146,N/A,0.1150118428516548,N/A,N/A,19.085203
BALL,61.06,18221891584,N/A,0.09889894895322693,N/A,-0.11950571560340363,N/A,-0.0413600058213684,N/A,0.030223643924507645,N/A,N/A,25.441666
BAC,46.37,355791437824,N/A,0.5463358858982919,N/A,0.18277531455798407,N/A,0.14673990335232923,N/A,0.1219452684649614,N/A,N/A,16.985348
BAX,33.02,16859616256,N/A,-0.05102623964430118,N/A,0.003707770124346992,N/A,-0.12313374517842296,N/A,-0.07292218078906398,N/A,N/A,132.08
BDX,221.43,64020279296,N/A,-0.036650007216012054,N/A,-0.0705788846398233,N/A,-0.08193153487279825,N/A,-0.055050577093219234,N/A,N/A,37.722317
BRK-B,468.32,1009407557632,N/A,0.31909979891904694,N/A,0.1392430069510861,N/A,-0.01784700377893685,N/A,0.058852768437418455,N/A,N/A,9.470576
BBY,90.49,19430463488,N/A,0.2781309792983111,N/A,0.04677049730115185,N/A,-0.09493945726304148,N/A,-0.02510234542646899,N/A,N/A,15.494863
TECH,75.89,12058313728,N/A,0.1838669905829112,N/A,-0.03525091923201851,N/A,0.059103903096619,N/A,0.0009159916365053596,N/A,N/A,79.88421
BIIB,160.92,23449102336,N/A,-0.2990373530252375,N/A,-0.30634942803714127,N/A,-0.2144112337584848,N/A,-0.0726141307181876,N/A,N/A,14.549728
BLK,1035.0,160299778048,N/A,0.4073046652968272,N/A,0.34611381935695895,N/A,0.17451445265666654,N/A,0.04387291981845688,N/A,N/A,25.5745
BX,185.5,224989233152,N/A,0.650324708094628,N/A,0.5737210204716336,N/A,0.349770797413159,N/A,0.11051249674229774,N/A,N/A,63.7457
BK,80.19,58304389120,N/A,0.7039416734309365,N/A,0.3569368214090195,N/A,0.18846088429701321,N/A,0.06919999999999997,N/A,N/A,17.939598
BA,158.28,118421299200,N/A,-0.3240519408754515,N/A,-0.17312714703766893,N/A,-0.017016545769211334,N/A,0.020700280674326867,N/A,N/A,
BKNG,5243.16,173531299840,N/A,0.6775346688944244,N/A,0.3825020628754391,N/A,0.37798166081823914,N/A,0.09770835365086956,N/A,N/A,35.210262
BWA,34.8,7610759680,N/A,0.06911354837772118,N/A,0.004156502308788726,N/A,0.05505879054785239,N/A,0.043703942012298366,N/A,N/A,8.613861
BSX,90.84,133882716160,N/A,0.6552477811954197,N/A,0.1933788323999888,N/A,0.11954647132507938,N/A,0.07223794489041305,N/A,N/A,75.07437
BMY,58.37,118384861184,N/A,0.22081191854469667,N/A,0.46577442507897715,N/A,0.16831738300368296,N/A,0.05266003961919067,N/A,N/A,
AVGO,170.56,796614131712,N/A,0.8966633018931475,N/A,0.22506258408193083,N/A,0.11997503912410894,N/A,0.011925226412632968,N/A,N/A,136.448
BR,232.93,27226953728,N/A,0.21833492768588283,N/A,0.1879715736021648,N/A,0.10619241644480454,N/A,0.11109521407249907,N/A,N/A,40.299305
BRO,111.14,31781373952,N/A,0.5098376125744226,N/A,0.2447329159142719,N/A,0.060357744233043506,N/A,0.055430581946134386,N/A,N/A,30.283379
BF-B,41.0,19277625344,N/A,-0.30992280543154926,N/A,-0.05732023077441905,N/A,-0.1057796867072647,N/A,-0.06371319609947866,N/A,N/A,19.806765
BLDR,177.12,20383854592,N/A,0.23635353058420205,N/A,0.21614941459955164,N/A,0.05022239199554571,N/A,0.027199486884148617,N/A,N/A,18.01831
BG,86.56,12086113280,N/A,-0.16050969088983397,N/A,-0.16444583225687856,N/A,-0.12170604165024868,N/A,0.038268925890229115,N/A,N/A,10.970849
BXP,79.77,14069353472,N/A,0.36427760161151457,N/A,0.349075900453717,N/A,0.08651446449878089,N/A,-0.006971266255320823,N/A,N/A,34.68261
CHRW,107.62,12721222656,N/A,0.2922974958634204,N/A,0.2414239285566246,N/A,0.04504386438017934,N/A,0.04841693521912049,N/A,N/A,37.238754
CDNS,324.54,89009315840,N/A,0.2378518920829127,N/A,0.09738287251176586,N/A,0.266349311478994,N/A,0.12165619723380001,N/A,N/A,85.405266
CZR,38.625,8207040000,N/A,-0.11022805492355622,N/A,0.05331338774677982,N/A,0.06404960914064536,N/A,-0.025851235471199278,N/A,N/A,
CPT,122.14,13030017024,N/A,0.3646905271118833,N/A,0.16220252557873158,N/A,-0.02712900693668406,N/A,0.05374856475763526,N/A,N/A,38.408806
CPB,42.69,12726272000,N/A,0.09249848244132378,N/A,-0.003558633889697525,N/A,-0.16216935683596684,N/A,-0.07956017643673567,N/A,N/A,23.327868
COF,185.5,70770106368,N/A,0.635102249976967,N/A,0.37078414007902494,N/A,0.27817202129325025,N/A,0.15390532396105192,N/A,N/A,17.516525
CAH,125.24,30309330944,N/A,0.1916207245490986,N/A,0.2800291447070261,N/A,0.09729659986568095,N/A,0.11921356829504574,N/A,N/A,24.084616
KMX,83.63,12956294144,N/A,0.2805083926847525,N/A,0.1935207701474758,N/A,0.007226318553827654,N/A,0.14467564733942342,N/A,N/A,31.439848
CCL,26.78,35934744576,N/A,0.623030303030303,N/A,0.611311591319705,N/A,0.6389228733121308,N/A,0.22227294324527846,N/A,N/A,22.888891
CARR,75.38,67632967680,N/A,0.4512453289021338,N/A,0.21320811602004616,N/A,0.07874655774612205,N/A,0.041160199051320574,N/A,N/A,44.341175
CTLT,61.84,11224701952,N/A,0.5893086672451622,N/A,0.1001601317777386,N/A,0.018780876816011177,N/A,0.053671859720533344,N/A,N/A,
CAT,399.51,192884228096,N/A,0.5906486873859821,N/A,0.2262883970841428,N/A,0.17841930076781395,N/A,0.06105920444370703,N/A,N/A,18.555967
CBOE,212.06,22199713792,N/A,0.16542092864101268,N/A,0.21873563218390807,N/A,-0.0036647075329410946,N/A,0.011736611759779504,N/A,N/A,28.891006
CBRE,137.75,42153975808,N/A,0.6983109229864786,N/A,0.6017441860465116,N/A,0.19099079749664044,N/A,0.047210027602471054,N/A,N/A,44.57929
CDW,178.28,23758305280,N/A,-0.14304222056704582,N/A,-0.19124955430933296,N/A,-0.178091558584946,N/A,-0.06381576371707773,N/A,N/A,21.79462
CE,70.9,7750220800,N/A,-0.48347115210385483,N/A,-0.5132213884534266,N/A,-0.4307918249424529,N/A,-0.425910931174089,N/A,N/A,7.0617533
COR,248.34,47999156224,N/A,0.2297931344653178,N/A,0.05395351409465722,N/A,0.021263801864706364,N/A,0.06418577206906428,N/A,N/A,33.023937
CNC,59.77,30175780864,N/A,-0.20317293297168718,N/A,-0.15147646325370048,N/A,-0.2550168577945773,N/A,-0.06345972601364129,N/A,N/A,10.32297
CNP,32.3,21050781696,N/A,0.16369713491889398,N/A,0.08332649797238939,N/A,0.18284080960515903,N/A,0.12047875192930134,N/A,N/A,21.533333
CF,91.5,15922830336,N/A,0.28173499882493347,N/A,0.19808004910164137,N/A,0.16340179953937659,N/A,0.06511647899747458,N/A,N/A,14.5007925
CRL,199.35,10194001920,N/A,0.005092284364010646,N/A,-0.10048730082054036,N/A,0.038065022752711355,N/A,0.09244851308331649,N/A,N/A,24.88764
SCHW,81.51,149208956928,N/A,0.32921874262253026,N/A,0.10594558033403176,N/A,0.26237764234078614,N/A,0.15261342455263419,N/A,N/A,31.839846
CHTR,402.12,57175027712,N/A,0.10351264197394802,N/A,0.43943306516840386,N/A,0.16078743840787083,N/A,0.06995187815509571,N/A,N/A,12.593799
CVX,158.32,282271907840,N/A,0.1559611069158734,N/A,0.03716405093026448,N/A,0.10559238829644739,N/A,0.03874128776710844,N/A,N/A,17.788765
CMG,63.89,87055867904,N/A,0.4349241507126223,N/A,-0.005343032463754749,N/A,0.19375933209156102,N/A,0.13320324210018364,N/A,N/A,59.157406
CB,284.6,114721685504,N/A,0.2717659779039257,N/A,0.08622120573025355,N/A,-0.0041844492662007375,N/A,0.030860670248200814,N/A,N/A,11.668717
CHD,109.89,26922829824,N/A,0.18845198612588637,N/A,0.02393062623086169,N/A,0.04644368886331538,N/A,0.0701248814419042,N/A,N/A,49.278027
CI,330.12,91823865856,N/A,0.30167287668532833,N/A,-0.01518000318824162,N/A,-0.08946985770815065,N/A,0.06142993841818333,N/A,N/A,31.261362
CINF,156.3,24432035840,N/A,0.5567306530569258,N/A,0.3780821175099754,N/A,0.1428972079718804,N/A,0.13105143091861915,N/A,N/A,8.03186
CTAS,223.6,90177658880,N/A,0.6568609207352268,N/A,0.3161991794284238,N/A,0.12085309927400036,N/A,0.07921807071771608,N/A,N/A,56.46465
CSCO,59.62,237452148736,N/A,0.2843868383803652,N/A,0.31062767131466745,N/A,0.20007258319640028,N/A,0.06788461480646368,N/A,N/A,25.478634
C,71.5,135225090048,N/A,0.588049663831556,N/A,0.1757849462257667,N/A,0.17367468528319221,N/A,0.14675223335693735,N/A,N/A,20.37037
CFG,46.6,20536666112,N/A,0.676008704717438,N/A,0.3954815811872716,N/A,0.10307022561726022,N/A,0.12046164532414336,N/A,N/A,18.27451
CLX,167.53,20737030144,N/A,0.2241614871305368,N/A,0.2856409084835995,N/A,0.04781525347752058,N/A,0.031080775512385143,N/A,N/A,58.170135
CME,243.0,87567958016,N/A,0.16544348843382128,N/A,0.21929719655591615,N/A,0.1487678439460156,N/A,0.08929531112354633,N/A,N/A,25.578947
CMS,67.5,20167987200,N/A,0.21664713147608414,N/A,0.11711594546468687,N/A,-0.009692019698346129,N/A,-0.0054927792406329655,N/A,N/A,19.285715
KO,62.21,267988238336,N/A,0.09290819317667313,N/A,-0.008553924603914988,N/A,-0.13557652055621705,N/A,-0.03729317744089421,N/A,N/A,26.36017
CTSH,80.58,39953498112,N/A,0.1675332989322852,N/A,0.22479794649022963,N/A,0.053741188752771445,N/A,0.0800495389140318,N/A,N/A,17.827435
CL,94.81,77460807680,N/A,0.2474366355757863,N/A,0.019046544104924554,N/A,-0.11594074218673855,N/A,0.01281913665018972,N/A,N/A,27.244251
CMCSA,42.55,162819276800,N/A,0.053325793812228836,N/A,0.10621437033842877,N/A,0.08528321140767621,N/A,0.000470285005342124,N/A,N/A,11.5625
CAG,27.32,13039097856,N/A,-0.004569564567451876,N/A,-0.05309047330310495,N/A,-0.13380900998878403,N/A,-0.050399737041797114,N/A,N/A,26.784313
COP,103.51,133896404992,N/A,-0.05949334798703096,N/A,-0.06428418229490564,N/A,-0.05113035343538428,N/A,-0.042501082432024107,N/A,N/A,12.278766
ED,96.62,33474770944,N/A,0.09690493672226966,N/A,0.06928087220490262,N/A,-0.056414252803987874,N/A,-0.017110098742424456,N/A,N/A,18.161654
STZ,238.3,43272183808,N/A,0.023178435590495143,N/A,-0.03914630535110202,N/A,-0.030277247726599395,N/A,-0.0018011801417271518,N/A,N/A,75.650795
CEG,254.2,79505375232,N/A,1.1635107383656396,N/A,0.2589979663926144,N/A,0.43210011878540755,N/A,0.1267925295032028,N/A,N/A,27.333332
COO,104.98,20907397120,N/A,0.25240833099188364,N/A,0.10215223097112865,N/A,-0.010182892546241029,N/A,0.0011443771595457666,N/A,N/A,58.322227
CPRT,62.97,60673359872,N/A,0.2906333022830482,N/A,0.17766969445324338,N/A,0.17656949666310212,N/A,0.20057195584435247,N/A,N/A,44.03497
GLW,49.15,42082676736,N/A,0.7777206009827538,N/A,0.33093917298665193,N/A,0.21574255546993099,N/A,0.05155775995706398,N/A,N/A,258.68423
CPAY,371.0,25862780928,N/A,0.4784410472245349,N/A,0.4187380497131931,N/A,0.1801380722155197,N/A,0.1253677461972907,N/A,N/A,26.462196
CTVA,61.17,42041712640,N/A,0.4098708934501029,N/A,0.12017583758830234,N/A,0.10378867521598445,N/A,0.00208358114079068,N/A,N/A,64.38947
CSGP,79.75,32694310912,N/A,-0.052287598884068476,N/A,0.03504213940690545,N/A,0.05030949136666641,N/A,0.08018418017233772,N/A,N/A,189.88095
COST,990.92,439050862592,N/A,0.6839393678519174,N/A,0.17920972221384923,N/A,0.12937689203562472,N/A,0.1183314995531904,N/A,N/A,59.87432
CTRA,25.63,18875084800,N/A,0.04483830803315144,N/A,-0.0574623205916983,N/A,0.0803470552737251,N/A,0.12015182213149672,N/A,N/A,15.533333
CRWD,364.16,89696616448,N/A,0.5238732817500237,N/A,0.06951749080591726,N/A,0.3659414540996062,N/A,0.21841539765359372,N/A,N/A,714.03925
CCI,103.45,44959162368,N/A,-0.07163372874179699,N/A,0.04778954506915875,N/A,-0.07518472060984313,N/A,-0.045311928596302634,N/A,N/A,36.6844
CSX,35.3,68073222144,N/A,0.07490252481804198,N/A,0.07735197982137038,N/A,0.024180995158603436,N/A,0.061636109070266704,N/A,N/A,18.776596
CMI,378.33,51900063744,N/A,0.6932951351860787,N/A,0.394800285100463,N/A,0.24936244420022458,N/A,0.16763712400995015,N/A,N/A,24.759817
CVS,58.05,73050701824,N/A,-0.14843293332470808,N/A,-0.025934615601756115,N/A,0.02295032773823206,N/A,0.0622140600034761,N/A,N/A,14.733502
DHR,236.26,170644684800,N/A,0.08114533622680821,N/A,-0.11655928427971521,N/A,-0.10498222858945039,N/A,-0.04417830325816335,N/A,N/A,44.661625
DRI,171.22,20118349824,N/A,0.10824184579470865,N/A,0.16239098137224006,N/A,0.09159714270177122,N/A,0.07841528873535808,N/A,N/A,19.771362
DVA,163.38,13401081856,N/A,0.5618009659377912,N/A,0.1358454126779069,N/A,0.07500989994037242,N/A,0.12722503965769102,N/A,N/A,17.605604
DAY,80.71,12727966720,N/A,0.20104172120964955,N/A,0.5623306279208813,N/A,0.45318686837536337,N/A,0.0704243815207163,N/A,N/A,237.38235
DECK,204.15,31014875136,N/A,0.7741888916987104,N/A,0.14967663134615766,N/A,0.36245331680094145,N/A,0.25816594916376173,N/A,N/A,35.81579
DE,456.26,124832735232,N/A,0.2822177049951913,N/A,0.2380842411140725,N/A,0.1871456000927437,N/A,0.13587932762255692,N/A,N/A,17.794853
DELL,126.1,88350326784,N/A,0.8480367617576821,N/A,-0.052052294853963885,N/A,0.14244058550827612,N/A,-0.02887952196572212,N/A,N/A,22.318583
DAL,64.26,41465761792,N/A,0.7269794174656953,N/A,0.28245685422020594,N/A,0.5211148490747999,N/A,0.129548263129224,N/A,N/A,8.9126215
DVN,36.29,23838900224,N/A,-0.13238587992892523,N/A,-0.20923132347109102,N/A,-0.14705885032152488,N/A,-0.07305239883549917,N/A,N/A,6.7203703
DXCM,81.01,31642101760,N/A,-0.308788377906054,N/A,-0.297398110530536,N/A,0.119541173530767,N/A,0.16226690885160866,N/A,N/A,49.096973
FANG,170.99,49927200768,N/A,0.18950600580550236,N/A,-0.08966619768962392,N/A,-0.08342953069484392,N/A,-0.044066302520155295,N/A,N/A,9.861015
DLR,190.84,64524718080,N/A,0.42269902718246927,N/A,0.31784425888180246,N/A,0.28380964385902585,N/A,0.07624628985639943,N/A,N/A,156.42622
DFS,176.45,44301651968,N/A,0.8179002655205317,N/A,0.45082004738571524,N/A,0.28270946362886407,N/A,0.1879296164811979,N/A,N/A,14.206924
DG,79.5,17483243520,N/A,-0.3921894405626548,N/A,-0.3791013585113244,N/A,-0.044512123890186175,N/A,-0.03048780487804878,N/A,N/A,12.363919
DLTR,73.83,15876330496,N/A,-0.4221196089111279,N/A,-0.3429741194676113,N/A,-0.09577466478552807,N/A,0.10507413108718588,N/A,N/A,
D,56.36,47342964736,N/A,0.2787584136212229,N/A,0.10358497226628015,N/A,0.00472000733354604,N/A,-0.010798950114644587,N/A,N/A,20.797049
DPZ,466.86,16121609216,N/A,0.20020254445252442,N/A,-0.08515723109465964,N/A,0.16120321003163354,N/A,0.08577140348704383,N/A,N/A,28.729845
DOV,203.28,27888390144,N/A,0.4542846831646658,N/A,0.1479149615523707,N/A,0.13058645442467606,N/A,0.0773324233020308,N/A,N/A,18.44646
DOW,42.85,29998942208,N/A,-0.11589890734768656,N/A,-0.2078687962287547,N/A,-0.16170544498483916,N/A,-0.09212441781089295,N/A,N/A,28.566666
DHI,161.35,51820777472,N/A,0.24440080259371924,N/A,0.12739357672797177,N/A,-0.12333279389175268,N/A,-0.05273324853449679,N/A,N/A,11.251743
DTE,122.29,25326381056,N/A,0.18827148507072605,N/A,0.09582652725811935,N/A,-0.01793497799622959,N/A,0.005426315559367412,N/A,N/A,16.592945
DUK,113.28,87506755584,N/A,0.2750674132351191,N/A,0.12216735472730308,N/A,-0.012352175632966639,N/A,0.016350372038447063,N/A,N/A,20.337523
DD,82.52,34489647104,N/A,0.18683184193807129,N/A,0.03769205396812295,N/A,0.009442794662340175,N/A,0.012772740837178838,N/A,N/A,64.46875
EMN,101.94,11816171520,N/A,0.26185082249679964,N/A,0.025546377232628543,N/A,0.024501167272928837,N/A,0.018890523644106767,N/A,N/A,13.66488
ETN,377.52,149195898880,N/A,0.6940837131492303,N/A,0.21181767625714842,N/A,0.30667260997245865,N/A,0.14009601797821064,N/A,N/A,40.1617
EBAY,63.32,30330279936,N/A,0.5561583987437451,N/A,0.1965030852975717,N/A,0.0814109989789797,N/A,0.05573579609129355,N/A,N/A,15.83
ECL,248.86,70467690496,N/A,0.3229776650381138,N/A,0.03944558615655606,N/A,0.006015814937327657,N/A,0.017832310838445862,N/A,N/A,34.854343
EIX,84.34,32652230656,N/A,0.31874355539164634,N/A,0.15486233203241798,N/A,-0.025417140934734826,N/A,0.04123456790123461,N/A,N/A,24.660816
EW,74.2,43763159040,N/A,0.07770518002102547,N/A,-0.15374087885786708,N/A,0.07927272727272731,N/A,0.11629304403998188,N/A,N/A,27.08029
EA,167.42,43909742592,N/A,0.22465995152273863,N/A,0.22144616198133651,N/A,0.14622847707890316,N/A,0.09629795063318677,N/A,N/A,42.928204
ELV,400.11,92794707968,N/A,-0.16225549920598065,N/A,-0.25600569827213243,N/A,-0.28628780727752323,N/A,-0.04247830846169371,N/A,N/A,14.554747
EMR,134.33,76594970624,N/A,0.5491064068801227,N/A,0.27927254200944646,N/A,0.32211411785015714,N/A,0.22832236543544238,N/A,N/A,47.634754
ENPH,73.12,9879024640,N/A,-0.3352727272727272,N/A,-0.4473167172082806,N/A,-0.3524045910155452,N/A,-0.16396065898219894,N/A,N/A,158.95653
ETR,151.65,32514971648,N/A,0.5716205077383284,N/A,0.4052216915651926,N/A,0.2512632540625942,N/A,0.07336475926245731,N/A,N/A,18.426489
EOG,129.53,72854142976,N/A,0.10713755054591118,N/A,0.08383085126885935,N/A,0.05526300934279815,N/A,0.05368908873700163,N/A,N/A,10.445968
EPAM,241.91,13721474048,N/A,-0.05255943968517402,N/A,0.3806859809957063,N/A,0.2384048558163921,N/A,0.2779186270475533,N/A,N/A,31.457737
EQT,44.69,26665807872,N/A,0.18594812050671594,N/A,0.10944960568148969,N/A,0.36327138155559724,N/A,0.21953499459781425,N/A,N/A,59.586666
EFX,263.58,32671266816,N/A,0.18593578129982805,N/A,0.10586028436277453,N/A,-0.12774792661883907,N/A,-0.0026556113767838823,N/A,N/A,58.443455
EQIX,965.64,93172867072,N/A,0.19936928565223105,N/A,0.27842815769265916,N/A,0.165916038812268,N/A,0.08292818114452329,N/A,N/A,86.99459
EQR,73.79,28858753024,N/A,0.3183435776705505,N/A,0.15168685672506796,N/A,-0.016140139004572233,N/A,0.05084019819476064,N/A,N/A,31.135023
ERIE,426.86,22320465920,N/A,0.4176975450533704,N/A,0.1853894102540113,N/A,-0.13141513273486694,N/A,0.060521739130434814,N/A,N/A,40.005623
ESS,301.39,20072544256,N/A,0.41175205779751634,N/A,0.14291058609775428,N/A,0.004055233497965604,N/A,0.07405301212785861,N/A,N/A,35.20911
EL,79.29,28463364096,N/A,-0.3867690223057798,N/A,-0.35024031551488893,N/A,-0.13901425750192734,N/A,0.19890159758583859,N/A,N/A,141.58928
EG,378.77,16279004160,N/A,-0.032094130887888844,N/A,0.0028962711741694447,N/A,-0.031811143372280026,N/A,0.08920201294033064,N/A,N/A,5.9099703
EVRG,63.3,14557480960,N/A,0.2937898502728708,N/A,0.21081088653980437,N/A,0.0714201674644129,N/A,0.06980740106158637,N/A,N/A,17.108109
ES,61.79,22639978496,N/A,0.0743869510945955,N/A,0.06162002682187049,N/A,-0.07788121257884723,N/A,-0.025394345222873996,N/A,N/A,
EXC,37.85,38032814080,N/A,0.02409818642825217,N/A,0.05758489089890692,N/A,-0.006718374190205405,N/A,0.006884644450391121,N/A,N/A,15.576131
EXPE,188.3,24167553024,N/A,0.3605491929489398,N/A,0.565123462896702,N/A,0.377065909284416,N/A,0.16876667672175188,N/A,N/A,24.51823
EXPD,121.2,16965090304,N/A,0.01348687673234906,N/A,-0.028587079292206875,N/A,-0.011577931741816665,N/A,0.012806289093334006,N/A,N/A,23.62573
EXR,164.0,36172001280,N/A,0.2555299650065207,N/A,0.12618474163217774,N/A,-0.06015252458158575,N/A,0.0029353945388802837,N/A,N/A,43.61702
XOM,114.28,502270885888,N/A,0.17660541248092296,N/A,0.01909854775355395,N/A,-0.0021732518706285174,N/A,-0.02858905050563744,N/A,N/A,14.67009
FFIV,254.13,14895804416,N/A,0.49426700215006525,N/A,0.5330276494552648,N/A,0.2779984520981467,N/A,0.09917821520080321,N/A,N/A,26.582636
FDS,483.56,18369863680,N/A,0.09312825078028386,N/A,0.18458745236787125,N/A,0.13580117045919493,N/A,0.04932671692524966,N/A,N/A,34.713566
FICO,2375.83,57846472704,N/A,1.1005710832034605,N/A,0.7864995272331772,N/A,0.40714041725906636,N/A,0.19332077808529602,N/A,N/A,116.29124
FAST,82.16,47068315648,N/A,0.38290766214054206,N/A,0.2975309360000438,N/A,0.2311556659938618,N/A,0.05576972914668914,N/A,N/A,40.875626
FRT,113.76,9737014272,N/A,0.1885739647970248,N/A,0.13790706613868203,N/A,0.001997221966490268,N/A,0.021001632287828306,N/A,N/A,33.069767
FDX,283.43,69248466944,N/A,0.08684388715467231,N/A,0.1442708420476156,N/A,-0.029512512454459888,N/A,0.04517297608627301,N/A,N/A,17.517305
FIS,85.25,45894676480,N/A,0.46398487733271704,N/A,0.12640658584495756,N/A,0.03623540269657603,N/A,-0.04960977814536472,N/A,N/A,87.8866
FITB,46.86,31421644800,N/A,0.6169857651016014,N/A,0.3218859303969133,N/A,0.11243317785556595,N/A,0.09409287874518107,N/A,N/A,15.62
FSLR,201.57,21579681792,N/A,0.29718772631276497,N/A,-0.26286344486468816,N/A,-0.052505430124767924,N/A,-0.050452227439627254,N/A,N/A,17.36176
FE,41.28,23790364672,N/A,0.1627574273192281,N/A,0.0775243387093193,N/A,-0.05876124425115518,N/A,0.0037615483595207734,N/A,N/A,26.632257
FI,215.85,122801168384,N/A,0.6546569953975654,N/A,0.43364773844391963,N/A,0.24115919415064846,N/A,0.07484310391203057,N/A,N/A,41.669888
FMC,59.01,7366572032,N/A,0.13919717586702487,N/A,0.024943080941331713,N/A,-0.04960833335227675,N/A,-0.06997637052090971,N/A,N/A,4.840853
F,10.74,42683871232,N/A,0.08412218612558878,N/A,-0.08405243924369157,N/A,-0.008567876708475678,N/A,0.05076489786405146,N/A,N/A,12.204545
FTNT,98.19,75258019840,N/A,0.8695734795159401,N/A,0.643347280334728,N/A,0.2730455529174645,N/A,0.24543384780460384,N/A,N/A,49.34171
FTV,78.83,27349989376,N/A,0.15895471146167028,N/A,0.07843835900107879,N/A,0.08540275296155089,N/A,0.10890254940979979,N/A,N/A,31.532001
FOXA,46.3,20609751040,N/A,0.5952423211349116,N/A,0.3568179635747615,N/A,0.13591761301766425,N/A,0.07674418604651156,N/A,N/A,11.320292
FOX,44.02,20609767424,N/A,0.6304766824494752,N/A,0.386327855316392,N/A,0.1657839501252557,N/A,0.10160162684050086,N/A,N/A,10.7628355
BEN,22.67,11871553536,N/A,-0.057187515121112406,N/A,0.004918815851150182,N/A,0.14039385276211605,N/A,0.12450397676516327,N/A,N/A,26.670588
FCX,43.04,61845471232,N/A,0.19184797910873674,N/A,-0.15513766228009124,N/A,0.043823498772780786,N/A,-0.06980765994830909,N/A,N/A,31.647058
GRMN,215.77,41433231360,N/A,0.7718213857235132,N/A,0.32806117869057994,N/A,0.2029933069595405,N/A,0.07755690212147004,N/A,N/A,27.381979
IT,522.53,40304988160,N/A,0.20168805311489077,N/A,0.20900042860179074,N/A,0.08446965643893169,N/A,0.03458995471004307,N/A,N/A,38.620106
GE,182.65,197680267264,N/A,0.9141662191806321,N/A,0.14076788247932162,N/A,0.11394265510153738,N/A,0.0634024559935035,N/A,N/A,35.954723
GEHC,83.01,37925027840,N/A,0.2237621258077546,N/A,0.07880788524324897,N/A,-0.020785025317619926,N/A,-0.0457523618980011,N/A,N/A,22.742466
GEV,343.75,94755717120,N/A,1.4204336689113626,N/A,1.1442829844368154,N/A,0.7852505559690868,N/A,0.16344009321567962,N/A,N/A,81.26478
GEN,31.7,19533699072,N/A,0.4535081468514711,N/A,0.2575779113297883,N/A,0.22064909281959308,N/A,0.12728495591835923,N/A,N/A,31.078432
GNRC,182.57,10862422016,N/A,0.4870897205511235,N/A,0.3037920559276086,N/A,0.24171938730715317,N/A,0.06928660024735427,N/A,N/A,38.035416
GD,277.66,76347891712,N/A,0.12906553077955227,N/A,-0.05992594809836837,N/A,-0.053986844515869076,N/A,-0.054291572793413276,N/A,N/A,21.146992
GIS,65.34,36274085888,N/A,0.04942247631147113,N/A,-0.012832183610738655,N/A,-0.09281924219096326,N/A,-0.04038767052129077,N/A,N/A,15.557142
GM,53.36,58674655232,N/A,0.646061930886129,N/A,0.17593574758783176,N/A,0.1050054997470527,N/A,0.030115845287954038,N/A,N/A,5.7253222
GPC,125.89,17503242240,N/A,-0.040935098872765606,N/A,-0.11696014287339626,N/A,-0.11437010755843878,N/A,0.08479100981887601,N/A,N/A,16.243872
GILD,91.59,114145861632,N/A,0.20728097293804135,N/A,0.46561720872134266,N/A,0.15992460852288537,N/A,0.019479115465761684,N/A,N/A,1017.66656
GPN,116.85,29737740288,N/A,0.0003290634506203498,N/A,0.20122012471674885,N/A,0.06869024110794938,N/A,0.11126959870981602,N/A,N/A,22.047169
GL,106.05,8902378496,N/A,-0.13634497624172676,N/A,0.3122064248733619,N/A,0.010584723056589708,N/A,0.02473671068773583,N/A,N/A,8.987288
GDDY,208.15,29222387712,N/A,1.0080068748452558,N/A,0.5011538619833432,N/A,0.3050156739811913,N/A,0.2576279796287646,N/A,N/A,15.925784
GS,598.71,187941076992,N/A,0.7943326009127089,N/A,0.32118639310356356,N/A,0.23430852778610367,N/A,0.17636617591770343,N/A,N/A,17.635052
HAL,30.6,26882162688,N/A,-0.1360747522635801,N/A,-0.08512429439229628,N/A,0.036552666553383774,N/A,0.09366807781130769,N/A,N/A,10.699301
HIG,120.6,34960855040,N/A,0.5545145412902229,N/A,0.21895558807519275,N/A,0.04244043417291574,N/A,0.08951712655499983,N/A,N/A,12.108434
HAS,67.26,9382837248,N/A,0.46950999318660586,N/A,0.1776279111581076,N/A,0.011464080582084804,N/A,0.02983767027962699,N/A,N/A,
HCA,324.09,82091024384,N/A,0.29371579462800845,N/A,-0.034313220688165204,N/A,-0.17986792821333333,N/A,-0.1075834432980699,N/A,N/A,14.5592985
DOC,21.3,14898135040,N/A,0.23284663458513147,N/A,0.1213390035554028,N/A,-0.027263980298830995,N/A,-0.03137788896316472,N/A,N/A,43.469387
HSIC,74.49,9287487488,N/A,0.06597027658521469,N/A,0.08586008246196779,N/A,0.05719558569247036,N/A,0.029863101261777075,N/A,N/A,30.528687
HSY,177.87,35992883200,N/A,-0.02580791191621247,N/A,-0.08491232124728813,N/A,-0.09137917210964881,N/A,0.0017163758607844346,N/A,N/A,20.444828
HES,143.96,44356673536,N/A,0.053781134198073406,N/A,-0.02038294367652007,N/A,0.07643407804879725,N/A,0.037773923970488295,N/A,N/A,16.778555
HPE,21.76,28259057664,N/A,0.39203829008969643,N/A,0.12547290155686797,N/A,0.14982611567635817,N/A,0.08745625942533815,N/A,N/A,15.432625
HLT,254.01,61922557952,N/A,0.5213394821278611,N/A,0.26430001615425325,N/A,0.17858795291170376,N/A,0.0889566260738097,N/A,N/A,54.39186
HOLX,76.87,17444954112,N/A,0.10987579597241572,N/A,0.02794866615164688,N/A,-0.06438660450728557,N/A,-0.08182036694726162,N/A,N/A,23.153616
HD,427.92,425079898112,N/A,0.35518182060676073,N/A,0.3071163274479576,N/A,0.17939743592331595,N/A,0.08747739844861277,N/A,N/A,29.149864
HON,229.79,149420244992,N/A,0.1916580189561991,N/A,0.1138631246163576,N/A,0.1272148734256566,N/A,0.11265895814103452,N/A,N/A,26.171982
HRL,31.99,17542164480,N/A,0.05748038815872264,N/A,0.05505998508747187,N/A,-0.02587390843339462,N/A,0.040663638197430144,N/A,N/A,21.761904
HST,18.53,13129042944,N/A,0.10703964170184338,N/A,0.05378098426149589,N/A,0.07868115869777802,N/A,0.06555495401743142,N/A,N/A,17.990292
HWM,120.09,48787881984,N/A,1.3084882666344406,N/A,0.44447085654379465,N/A,0.29194203297282806,N/A,0.20369038485288662,N/A,N/A,46.011494
HPQ,36.36,35029516288,N/A,0.303475957460833,N/A,0.021090687512513803,N/A,0.03624435023734057,N/A,0.010280586392819662,N/A,N/A,12.939503
HUBB,469.38,25191860224,N/A,0.5851096457304571,N/A,0.2903500737641619,N/A,0.24217385215584056,N/A,0.10781832309544614,N/A,N/A,33.792656
HUM,288.08,34688000000,N/A,-0.41861928349015953,N/A,-0.18525144918617548,N/A,-0.20534752872298573,N/A,0.1272940581481962,N/A,N/A,25.115953
HBAN,17.6,25569456128,N/A,0.5848251980415601,N/A,0.346341931736914,N/A,0.20354084151886268,N/A,0.14285717116658533,N/A,N/A,17.08738
HII,192.9,7548041728,N/A,-0.1807400632148373,N/A,-0.22151450869654746,N/A,-0.29491706923992295,N/A,0.01662008392292218,N/A,N/A,10.892152
IBM,233.49,215895359488,N/A,0.4990436411535367,N/A,0.41134609318536247,N/A,0.16916808979626208,N/A,0.14060753784868402,N/A,N/A,33.355717
IEX,227.87,17255067648,N/A,0.14498547538666878,N/A,0.1278500971803537,N/A,0.1268509743570783,N/A,0.04050228310502285,N/A,N/A,35.328682
IDXX,434.43,35573170176,N/A,-0.16286734795048546,N/A,-0.12737023301529476,N/A,-0.07372979050682824,N/A,0.04803148584873539,N/A,N/A,42.014507
ITW,275.9,81473265664,N/A,0.15321896333796658,N/A,0.15833040462999481,N/A,0.11088462047452026,N/A,0.04555098868717046,N/A,N/A,23.866781
INCY,74.62,14375543808,N/A,0.3611820579241117,N/A,0.2775209757735702,N/A,0.12532050591712443,N/A,-0.014917491749174857,N/A,N/A,829.1111
IR,103.95,41893097472,N/A,0.4457843537259767,N/A,0.17665511912643325,N/A,0.17706243713484435,N/A,0.09893170419116426,N/A,N/A,50.707317
PODD,269.21,18883680256,N/A,0.40844407690512724,N/A,0.39907495354839795,N/A,0.30248196245639547,N/A,0.1338022120616921,N/A,N/A,45.86201
INTC,21.96,94713470976,N/A,-0.469129104194213,N/A,-0.27352712144755403,N/A,0.09253729269801485,N/A,-0.02486680490144543,N/A,N/A,
ICE,156.1,89629040640,N/A,0.38617648593149034,N/A,0.1645856181638648,N/A,-0.030373211978132898,N/A,0.010421350570197057,N/A,N/A,37.078384
IFF,89.3,22832402432,N/A,0.21127600345229394,N/A,-0.08047230798612344,N/A,-0.1345111253937123,N/A,-0.09770638679834937,N/A,N/A,
IP,57.72,20052389888,N/A,0.6525018790156383,N/A,0.3230564932324189,N/A,0.21819706741326525,N/A,0.02814973566390409,N/A,N/A,49.333336
IPG,29.24,10892163072,N/A,-0.010477574801492775,N/A,-0.02898424844838842,N/A,-0.07491159596381401,N/A,0.0019178114243030744,N/A,N/A,13.792454
INTU,654.64,183244865536,N/A,0.1517599547097325,N/A,0.1466789143050192,N/A,0.04949839917962846,N/A,0.05755963501763974,N/A,N/A,63.68094
ISRG,549.95,195880648704,N/A,0.7767834696314495,N/A,0.31519791468930064,N/A,0.1375765290888499,N/A,0.08381613938513424,N/A,N/A,88.55878
IVZ,18.1,8134864384,N/A,0.2687636169527909,N/A,0.21482546956712437,N/A,0.10851674641148334,N/A,0.04823685773265851,N/A,N/A,
INVH,33.94,20791846912,N/A,0.053020154594700726,N/A,-0.01077955820024645,N/A,-0.08212468508916548,N/A,0.0676312998601557,N/A,N/A,46.49315
IQV,203.17,36875354112,N/A,-0.05198076471233226,N/A,-0.07855233825417567,N/A,-0.18343313374232773,N/A,-0.03339836509761304,N/A,N/A,26.66273
IRM,118.86,34880655360,N/A,0.8584772402350936,N/A,0.42008688122965643,N/A,0.05991716719311408,N/A,-0.02852471203634124,N/A,N/A,330.16666
JBHT,185.13,18666657792,N/A,-0.008118252626598068,N/A,0.16998225163450342,N/A,0.0720045662786331,N/A,0.01957938907825419,N/A,N/A,33.66
JBL,136.44,15396298752,N/A,0.19728905917867684,N/A,0.1951581730747061,N/A,0.32022661863094654,N/A,0.07246373849618609,N/A,N/A,12.214861
JKHY,172.36,12575264768,N/A,0.08206719769052431,N/A,0.054089949663820545,N/A,-0.009307046376381127,N/A,-0.06195881940752463,N/A,N/A,31.567766
J,138.36,17152073728,N/A,0.30973183213387945,N/A,0.20284036356243978,N/A,0.12780461667307536,N/A,-0.010583498116765868,N/A,N/A,28.885178
JNJ,150.47,362274586624,N/A,-0.020916189620057538,N/A,0.04376868459577786,N/A,-0.09262181470632917,N/A,-0.04147283368402145,N/A,N/A,25.204357
JCI,83.79,55484485632,N/A,0.5754241629756227,N/A,0.21675591888340326,N/A,0.18997135298242018,N/A,0.128788848319154,N/A,N/A,40.283657
JPM,243.4,685253722112,N/A,0.5775922136791706,N/A,0.2505638702806714,N/A,0.11162758997678413,N/A,0.10747111362222884,N/A,N/A,13.605367
JNPR,36.25,12001976320,N/A,0.2914265329177036,N/A,0.034416507348623004,N/A,-0.05899399205958844,N/A,-0.06430500518522049,N/A,N/A,47.69737
K,80.49,27744739328,N/A,0.5600945995364663,N/A,0.35855597274513995,N/A,0.011207286376890932,N/A,0.005687075883056383,N/A,N/A,26.919731
KVUE,23.16,44403740672,N/A,0.1940945722116108,N/A,0.2661897309047954,N/A,0.05712704406020026,N/A,0.013997714717856682,N/A,N/A,42.10909
KDP,32.62,44247400448,N/A,0.045359740213143034,N/A,-0.042907276653222214,N/A,-0.11652376953036421,N/A,-0.0018359946332767048,N/A,N/A,19.650602
KEY,18.75,18586556416,N/A,0.525897248894371,N/A,0.377268705679286,N/A,0.13289413863501606,N/A,0.11228394650346893,N/A,N/A,Infinity
KEYS,172.26,29730867200,N/A,0.24627404484639973,N/A,0.26661764705882346,N/A,0.16352581188247892,N/A,0.12177652213279633,N/A,N/A,49.076923
KMB,136.79,45617410048,N/A,0.16844074923470168,N/A,0.015809184454747514,N/A,-0.06395266902881593,N/A,0.02280540138748406,N/A,N/A,17.741892
KIM,25.3,17054248960,N/A,0.2966035491656598,N/A,0.3446997113016123,N/A,0.10041941166886292,N/A,0.044591276517915286,N/A,N/A,46.85185
KMI,27.39,60850716672,N/A,0.656905399606711,N/A,0.41765122157762113,N/A,0.28531025161303203,N/A,0.11841569032196966,N/A,N/A,24.238937
KKR,157.6,145432969216,N/A,1.1021651837732827,N/A,0.5885375842708769,N/A,0.3342413371461501,N/A,0.15196259639214002,N/A,N/A,48.792572
KLAC,666.22,89113583616,N/A,0.2511271223779895,N/A,-0.14112008842993892,N/A,-0.09894621099372697,N/A,0.0070825192663543915,N/A,N/A,30.490616
KHC,31.0,37484269568,N/A,-0.09342125358424548,N/A,-0.08147244919423194,N/A,-0.11791862390136883,N/A,-0.05951845835568865,N/A,N/A,27.927927
KR,59.91,43344048128,N/A,0.37754483563891217,N/A,0.16658822879233626,N/A,0.12171808555544264,N/A,0.07048625013777224,N/A,N/A,15.683247
LHX,240.48,45611360256,N/A,0.23930933465462598,N/A,0.09361435718043251,N/A,0.03207292728979776,N/A,-0.022079928835656872,N/A,N/A,38.050632
LH,237.39,19855132672,N/A,0.1082471369173535,N/A,0.20379981763787183,N/A,0.036526427221746274,N/A,0.048115904536080244,N/A,N/A,45.04554
LRCX,78.26,100696367104,N/A,0.17579557925302097,N/A,-0.16865879065349507,N/A,0.025153354833744986,N/A,0.05514361510079099,N/A,N/A,25.326862
LW,77.95,11115513856,N/A,-0.21072627031003965,N/A,-0.08435641860706876,N/A,0.2688412397088129,N/A,0.006325857491851821,N/A,N/A,18.648325
LVS,54.6,39586418688,N/A,0.23826130288087208,N/A,0.2621278467415058,N/A,0.41709939345083735,N/A,0.06703150193068272,N/A,N/A,27.029703
LDOS,165.06,22024450048,N/A,0.5179547592916979,N/A,0.15020378651455055,N/A,0.06205427041188362,N/A,-0.11410480081843187,N/A,N/A,18.756817
LEN,167.39,45119135744,N/A,0.28540115270560534,N/A,0.07891976931133392,N/A,-0.05901369490762447,N/A,-0.030353963590336562,N/A,N/A,11.122259
LLY,829.84,746288381952,N/A,0.4201410980798988,N/A,-0.0058691346905212095,N/A,-0.13101071745679177,N/A,0.031104186574204724,N/A,N/A,87.72093
LIN,459.45,218770800640,N/A,0.1512087025759641,N/A,0.06534230125567421,N/A,-0.02499994657181796,N/A,0.005505950850401015,N/A,N/A,34.727894
LYV,136.73,31529801728,N/A,0.679523324522809,N/A,0.4821680216802167,N/A,0.4341305354724446,N/A,0.16653870034978302,N/A,N/A,153.62921
LKQ,39.48,10263220224,N/A,-0.09045404331991007,N/A,-0.04856100512646275,N/A,-0.036836679225686925,N/A,0.05932574139888846,N/A,N/A,14.568265
LMT,517.5,122665615360,N/A,0.19005057355622829,N/A,0.11742878775598155,N/A,-0.08193296146005091,N/A,-0.04116000965770012,N/A,N/A,18.729643
L,85.85,18593134592,N/A,0.22444371344973552,N/A,0.14641525781001818,N/A,0.0500182615422371,N/A,0.12289235112100313,N/A,N/A,11.416224
LOW,272.27,153737248768,N/A,0.3473794904880305,N/A,0.25772925689703957,N/A,0.11392931264701345,N/A,0.027511467701041004,N/A,N/A,22.670273
LULU,342.27,42022883328,N/A,-0.25093557987807397,N/A,0.05956103548713571,N/A,0.3262167460015738,N/A,0.0758809126667564,N/A,N/A,26.45054
LYB,77.95,25314805760,N/A,-0.11178802316448248,N/A,-0.15666932890207053,N/A,-0.17233789825983017,N/A,-0.05898781342781279,N/A,N/A,11.828527
MTB,211.88,35155341312,N/A,0.6564997893552181,N/A,0.47872612311479495,N/A,0.24438624904200548,N/A,0.11810071400693786,N/A,N/A,15.6715975
MPC,150.4,48336904192,N/A,0.03051458741733975,N/A,-0.1350507099320281,N/A,-0.1297502160920839,N/A,0.04365129819333371,N/A,N/A,11.667959
MKTX,248.39,9365395456,N/A,0.0011518030494793376,N/A,0.21317694019219605,N/A,0.032876837595541206,N/A,-0.13394217111509568,N/A,N/A,33.566216
MAR,289.63,80486146048,N/A,0.44301700250816795,N/A,0.2546187913571049,N/A,0.25816015638386375,N/A,0.13201540422370295,N/A,N/A,30.296024
MMC,229.74,112830365696,N/A,0.1871535137794655,N/A,0.11137246252610278,N/A,0.006798498813607009,N/A,0.038795425012739845,N/A,N/A,28.327991
MLM,582.44,35597627392,N/A,0.27507516474753513,N/A,0.05948280098266469,N/A,0.12274116141219756,N/A,0.0021099226524675645,N/A,N/A,18.082584
MAS,80.36,17337589760,N/A,0.3105332702097573,N/A,0.206191277748239,N/A,0.029900303613391445,N/A,-0.0017144365457985946,N/A,N/A,21.372341
MA,521.14,478318460928,N/A,0.2825234822793714,N/A,0.16476295788831236,N/A,0.08237140960545992,N/A,0.030776561258344576,N/A,N/A,39.84251
MTCH,32.86,8250850816,N/A,0.01670793039216078,N/A,0.004892942915214897,N/A,-0.10803474853700046,N/A,-0.09301682541584466,N/A,N/A,14.735426
MKC,77.52,20802490368,N/A,0.18997987128726432,N/A,0.13248369185596465,N/A,-0.04031998207713505,N/A,-0.008442060662566805,N/A,N/A,26.367346
MCD,295.09,211467403264,N/A,0.054795321139847565,N/A,0.14526148227336577,N/A,0.03973495842730751,N/A,0.013710434587249432,N/A,N/A,25.839754
MCK,611.99,77686005760,N/A,0.33436427473240105,N/A,0.046672611856718775,N/A,0.067483436023564,N/A,0.16492788302348274,N/A,N/A,31.643744
MDT,85.32,109404987392,N/A,0.11912572785793749,N/A,0.05366153469276222,N/A,-0.03335264312121877,N/A,-0.044675822054255826,N/A,N/A,26.091743
MRK,101.37,256429604864,N/A,-0.0204467053127702,N/A,-0.21346381130569408,N/A,-0.12465081181206362,N/A,-0.004908243183480261,N/A,N/A,21.341053
META,613.78,1549481541632,N/A,0.9341731699790131,N/A,0.24549477507380904,N/A,0.20049543706701614,N/A,0.09470644220922705,N/A,N/A,28.979227
MET,85.38,59118813184,N/A,0.3762814002742618,N/A,0.23745725486831068,N/A,0.10566422288027442,N/A,0.09440493069245344,N/A,N/A,17.318459
MTD,1262.75,26647435264,N/A,0.1671811978231163,N/A,-0.12188899099873331,N/A,-0.09678415298542518,N/A,-0.0742437926725238,N/A,N/A,34.01805
MGM,37.52,11171205120,N/A,-0.04114492778348344,N/A,-0.0641057655975586,N/A,0.03389360852692571,N/A,0.03076918755964403,N/A,N/A,13.448029
MCHP,61.64,33101295616,N/A,-0.24547744906004051,N/A,-0.33154748339888834,N/A,-0.18763627990642906,N/A,-0.16658270750102355,N/A,N/A,42.805553
MU,103.2,114968928256,N/A,0.4064996261917413,N/A,-0.20499301771197237,N/A,0.1663603080027248,N/A,0.014449981269623331,N/A,N/A,143.33333
MSFT,437.42,3252165279744,N/A,0.1829995381364284,N/A,0.03431071250024539,N/A,0.07047570794567302,N/A,0.07304401363110963,N/A,N/A,36.09076
MAA,160.0,19192958976,N/A,0.3202318579641763,N/A,0.1908500735865884,N/A,-0.012366237599077635,N/A,0.051386566569754266,N/A,N/A,35.95506
MRNA,41.63,16019973120,N/A,-0.46819110054700064,N/A,-0.7308811213202439,N/A,-0.42925694260235353,N/A,-0.222450517591853,N/A,N/A,
MHK,131.22,8282777088,N/A,0.43128271774876936,N/A,0.13149951382922312,N/A,-0.1300715779251324,N/A,-0.04043875685557587,N/A,N/A,14.810385
MOH,310.3,17749159936,N/A,-0.1544959128065395,N/A,-0.009891493161637673,N/A,-0.12844422923935941,N/A,-0.06157383244607529,N/A,N/A,15.775291
TAP,61.76,12718854144,N/A,0.019274691279328408,N/A,0.18791871091482867,N/A,0.08541297616504803,N/A,0.10859811550802165,N/A,N/A,13.909909
MDLZ,63.27,84604010496,N/A,-0.08241098487740396,N/A,-0.06023976849937986,N/A,-0.11870833978482598,N/A,-0.07445875606941986,N/A,N/A,22.43617
MPWR,581.63,28371910656,N/A,0.05772060685963701,N/A,-0.23107202279456074,N/A,-0.3055136848282256,N/A,-0.24125651350457658,N/A,N/A,65.35169
MNST,53.75,52272951296,N/A,-0.009399158446542176,N/A,0.024785495102968822,N/A,0.11283645650159084,N/A,-0.005734394476803981,N/A,N/A,34.455128
MCO,498.2,90289291264,N/A,0.3367728495790296,N/A,0.2290385240110203,N/A,0.0355160105508977,N/A,0.08873639556148157,N/A,N/A,45.456203
MS,129.99,209419091968,N/A,0.6804896465941876,N/A,0.36495870647344103,N/A,0.3198121748021799,N/A,0.11925263202288275,N/A,N/A,19.75532
MOS,26.72,8487474176,N/A,-0.2187214850129113,N/A,-0.07341109400518614,N/A,-0.01906477054799992,N/A,-0.056830212779451356,N/A,N/A,23.646017
MSI,497.87,83204530176,N/A,0.5504756633299323,N/A,0.3504016893964333,N/A,0.13309687461148823,N/A,0.08662536112157197,N/A,N/A,54.650936
MSCI,615.93,48271233024,N/A,0.1903958054796866,N/A,0.255997396748811,N/A,0.07688308877741168,N/A,0.04788429054711812,N/A,N/A,40.495068
NDAQ,80.83,46457692160,N/A,0.47258737647792304,N/A,0.3740857884893149,N/A,0.13598832718368858,N/A,0.08047056059173342,N/A,N/A,48.692772
NTAP,129.05,26236639232,N/A,0.4516921920285348,N/A,0.07119973847662645,N/A,0.08952666821041888,N/A,0.11779994292988064,N/A,N/A,23.766115
NFLX,911.06,389439881216,N/A,1.0016698060358626,N/A,0.4048294155337159,N/A,0.34907894053049027,N/A,0.20588739821280436,N/A,N/A,51.011196
NEM,41.41,47143215104,N/A,0.06399548109472687,N/A,-0.015076372211961595,N/A,-0.19917252173481964,N/A,-0.08967465508021195,N/A,N/A,
NWSA,29.65,17386254336,N/A,0.3723310695002437,N/A,0.07408243296389921,N/A,0.10355296147800512,N/A,0.08132749516780663,N/A,N/A,47.82258
NWS,32.48,17386283008,N/A,0.44005432484175044,N/A,0.15148960334950767,N/A,0.16507041513457407,N/A,0.10891085642751062,N/A,N/A,52.387096
NEE,75.74,155751727104,N/A,0.3385798334426074,N/A,0.0005401392496739408,N/A,-0.04607034604164191,N/A,-0.02708193180337001,N/A,N/A,22.474777
NKE,78.37,116653744128,N/A,-0.30929441755706993,N/A,-0.1734083223157188,N/A,-0.031357601746177494,N/A,0.020468923773734618,N/A,N/A,22.585014
NI,37.25,17387517952,N/A,0.47678105640845325,N/A,0.32629209338258636,N/A,0.13085657817373558,N/A,0.07225095567824907,N/A,N/A,22.713415
NDSN,256.54,14669342720,N/A,0.08965890147387076,N/A,0.13602239313297446,N/A,0.0254217263986452,N/A,0.036274044797083335,N/A,N/A,31.247261
NSC,267.63,60548612096,N/A,0.2224858728001035,N/A,0.2041056933425024,N/A,0.05704168623325428,N/A,0.0809402801345835,N/A,N/A,25.12958
NTRS,108.77,21560170496,N/A,0.39635930545512205,N/A,0.3374897146134764,N/A,0.21847952074813146,N/A,0.08509579327628383,N/A,N/A,13.545455
NOC,486.62,70898106368,N/A,0.038175386510512915,N/A,0.10303421976008455,N/A,-0.06507514254974216,N/A,-0.03697800196160851,N/A,N/A,30.038269
NCLH,27.68,12171117568,N/A,0.5736213621310082,N/A,0.5233901972358036,N/A,0.5718341306433039,N/A,0.1005964381647802,N/A,N/A,24.280703
NRG,100.93,20444987392,N/A,1.1402072098197404,N/A,0.3097891451958299,N/A,0.2713177161039285,N/A,0.14628048270107427,N/A,N/A,24.982674
NUE,149.31,35059929088,N/A,-0.08753019813798041,N/A,-0.07939148191722013,N/A,0.0375084647892969,N/A,0.04705465364155374,N/A,N/A,14.370548
NVDA,145.14,3554478653440,N/A,2.1175351207955764,N/A,0.19972517010063184,N/A,0.3440038658906154,N/A,0.06681364751446603,N/A,N/A,55.18631
NVR,9049.96,27727990784,N/A,0.4231555333186519,N/A,0.19228713208853151,N/A,-0.0004097699504194598,N/A,-0.022507258025386834,N/A,N/A,18.518436
NXPI,223.66,56844533760,N/A,0.10514312072846738,N/A,-0.17115362679689253,N/A,-0.04867165378349787,N/A,-0.05588853624989841,N/A,N/A,21.361986
ORLY,1242.92,71754645504,N/A,0.27091836890082177,N/A,0.2651615618792507,N/A,0.09334007964136908,N/A,0.0737412635936564,N/A,N/A,30.772964
OXY,48.9,45884973056,N/A,-0.13363041726764383,N/A,-0.17960469116525288,N/A,-0.11359126378388151,N/A,-0.0328323047508447,N/A,N/A,13.397261
ODFL,211.03,45054484480,N/A,0.07465209207714554,N/A,0.24566492358424918,N/A,0.08616757896218293,N/A,0.03574348036855528,N/A,N/A,36.893356
OMC,103.27,20147253248,N/A,0.30763647492617385,N/A,0.15188697729483755,N/A,0.046717754176627,N/A,0.013046866065735194,N/A,N/A,14.107923
ON,65.97,28089827328,N/A,-0.0872993758420517,N/A,-0.08944095543401412,N/A,-0.06769364035643376,N/A,-0.05079136690647484,N/A,N/A,16.369726
OKE,108.74,63531454464,N/A,0.6477559473588193,N/A,0.40827844387109824,N/A,0.19105232049210563,N/A,0.1369719855076602,N/A,N/A,23.038136
ORCL,188.19,521485778944,N/A,0.6632442637605116,N/A,0.5315440975133994,N/A,0.35206566363665964,N/A,0.10967630204467237,N/A,N/A,48.502575
OTIS,101.13,40397488128,N/A,0.1969793808325976,N/A,0.025587506246806915,N/A,0.0683686140582239,N/A,0.020988217895565826,N/A,N/A,25.156715
PCAR,118.41,62082482176,N/A,0.31861319340839345,N/A,0.09162509914682208,N/A,0.2423079746797143,N/A,0.13256009938939733,N/A,N/A,13.244967
PKG,243.99,21911496704,N/A,0.5165863935125907,N/A,0.3497065437450384,N/A,0.19103803157186264,N/A,0.0600425856584088,N/A,N/A,28.403957
PLTR,69.85,159119704064,N/A,2.8169400498412105,N/A,1.9361074952464605,N/A,1.2894132899375574,N/A,0.6867906364980396,N/A,N/A,349.25
PANW,404.58,132742692864,N/A,0.3818566899611885,N/A,0.3671476701020126,N/A,0.13943727055091154,N/A,0.12034782197177762,N/A,N/A,52.338936
PARA,11.02,7836873728,N/A,-0.27720478917428587,N/A,-0.07041927439768718,N/A,0.06260811623400367,N/A,0.013799458695505085,N/A,N/A,
PH,696.49,89652191232,N/A,0.6193977856355956,N/A,0.3587859330498028,N/A,0.21341759870901034,N/A,0.09426291997413576,N/A,N/A,31.345184
PAYX,143.98,51818110976,N/A,0.20580422861389105,N/A,0.19919434307166514,N/A,0.09858184637810063,N/A,0.03762819377911763,N/A,N/A,30.69936
PAYC,231.74,13362591744,N/A,0.2828575128314787,N/A,0.6017378017526682,N/A,0.4391340546575407,N/A,0.09769181131682726,N/A,N/A,27.853367
PYPL,89.33,89556901888,N/A,0.5422997725144203,N/A,0.33288577252177,N/A,0.24069444444444443,N/A,0.14335086574052147,N/A,N/A,20.34852
PNR,108.76,17970524160,N/A,0.6825983753072384,N/A,0.3953753819068577,N/A,0.2606975698166764,N/A,0.09141995318239157,N/A,N/A,27.19
PEP,160.18,219765358592,N/A,-0.023974217995800955,N/A,-0.06078304907504064,N/A,-0.09091065537909532,N/A,-0.03703256266386866,N/A,N/A,23.871832
PFE,25.23,142978154496,N/A,-0.07967537647263537,N/A,-0.09779565846362238,N/A,-0.09463296896535367,N/A,-0.07702137956692706,N/A,N/A,34.094593
PCG,20.52,54664257536,N/A,0.2055219105586245,N/A,0.1280676035922377,N/A,0.029606750024978378,N/A,0.028571389236205832,N/A,N/A,16.03125
PM,130.48,202874208256,N/A,0.48465840513508884,N/A,0.2822403683004259,N/A,0.049588328264373115,N/A,0.0011509105105341991,N/A,N/A,20.58044
PSX,130.6,53936365568,N/A,0.05620461168537962,N/A,-0.03986477565270734,N/A,-0.024018936241275195,N/A,0.08863461980819858,N/A,N/A,16.658163
PNW,92.09,10470632448,N/A,0.28774214389969155,N/A,0.2283101148068695,N/A,0.05391154593658786,N/A,0.07443706666289251,N/A,N/A,17.310148
PNC,207.92,82499125248,N/A,0.5579068949573932,N/A,0.36589884471054,N/A,0.13639080732584424,N/A,0.11815005868417942,N/A,N/A,17.575655
POOL,373.96,14231234560,N/A,0.07117009257105458,N/A,0.08518195334537774,N/A,0.10359735783370023,N/A,0.042025893667947,N/A,N/A,32.04456
PPG,126.83,29424560128,N/A,-0.09233544730369408,N/A,-0.01814580396182409,N/A,-0.0033730706454538095,N/A,0.02129110847622147,N/A,N/A,20.068037
PPL,34.02,25105739776,N/A,0.3552733155277286,N/A,0.20581922160565091,N/A,0.06797682557514391,N/A,0.06113532572527742,N/A,N/A,30.64865
PFG,84.84,19405113344,N/A,0.1778810118794917,N/A,0.08746723266363723,N/A,0.06322392726727567,N/A,0.049008759389187,N/A,N/A,
PG,175.11,412391047168,N/A,0.22287704937772496,N/A,0.051812924090804936,N/A,0.009280071483287078,N/A,0.060758408394071706,N/A,N/A,30.191378
PGR,260.35,152516149248,N/A,0.6022185390974134,N/A,0.22227026114736248,N/A,0.03223032454916342,N/A,0.07814313651782533,N/A,N/A,18.907043
PLD,115.05,106556432384,N/A,-0.0010770601373481451,N/A,0.06268071497214553,N/A,-0.0970939156032156,N/A,0.010451426166075799,N/A,N/A,34.75831
PRU,125.9,44811714560,N/A,0.34224342370897254,N/A,0.09747312624951564,N/A,0.05377271487858476,N/A,0.05412200462979144,N/A,N/A,11.211042
PEG,91.8,45737054208,N/A,0.517136311040687,N/A,0.25263029352838384,N/A,0.1527197876891188,N/A,0.12128981214468727,N/A,N/A,22.555283
PTC,201.19,24168753152,N/A,0.2516485823347579,N/A,0.15229091046377102,N/A,0.1587951022818754,N/A,0.08033079855915339,N/A,N/A,64.48398
PSA,334.61,58617982976,N/A,0.2962734525052853,N/A,0.23544349484295748,N/A,-0.01244204261328833,N/A,0.00616430856523889,N/A,N/A,34.71058
PHM,129.3,26517102592,N/A,0.4319524379408206,N/A,0.132951725438053,N/A,0.00539558909007951,N/A,-0.0014673371310813773,N/A,N/A,9.542436
QRVO,70.08,6624431616,N/A,-0.2783441503497454,N/A,-0.29905983549719534,N/A,-0.35177134766115414,N/A,-0.01807485914162743,N/A,N/A,
PWR,333.66,49252220928,N/A,0.7638817698847209,N/A,0.2491731926220734,N/A,0.29565504914446183,N/A,0.09641164553641329,N/A,N/A,61.67468
QCOM,163.34,181470740480,N/A,0.26726073087048563,N/A,-0.2160804587701237,N/A,0.005783584568210678,N/A,-0.011139319272115616,N/A,N/A,18.18931
DGX,160.24,17885188096,N/A,0.21347803182351466,N/A,0.1350142175505175,N/A,0.025889651413035997,N/A,0.03829455127859719,N/A,N/A,21.537636
RL,232.87,14460830720,N/A,0.836848255815598,N/A,0.29106730222766125,N/A,0.34487166659690294,N/A,0.16499074846692646,N/A,N/A,22.22042
RJF,165.76,33822496768,N/A,0.5995695940862477,N/A,0.3888317305602503,N/A,0.3947968137521291,N/A,0.140419628754255,N/A,N/A,17.08866
RTX,119.23,158697521152,N/A,0.4757469533125497,N/A,0.11394362849030584,N/A,-0.009298264420891324,N/A,0.015805103298371908,N/A,N/A,33.968662
O,56.17,49160601600,N/A,0.0811769993449628,N/A,0.06355744781665472,N/A,-0.08612248464771163,N/A,-0.04828257174304542,N/A,N/A,53.49524
REG,74.35,13576458240,N/A,0.2006469189726224,N/A,0.23396419096657006,N/A,0.03483253318217688,N/A,0.02863864493168792,N/A,N/A,35.070755
REGN,754.26,82885632000,N/A,-0.0811792208943208,N/A,-0.24633537849097847,N/A,-0.35467701150049524,N/A,-0.08998120800031519,N/A,N/A,18.655949
RF,26.3,23903123456,N/A,0.6420155168182223,N/A,0.43936848383865157,N/A,0.15406210309896148,N/A,0.13481952214502096,N/A,N/A,14.858757
RSG,215.55,67499913216,N/A,0.35074814122883863,N/A,0.15878655198143096,N/A,0.050249851231234446,N/A,0.07458000865062832,N/A,N/A,34.488
RMD,245.84,36088328192,N/A,0.5416884310764558,N/A,0.16733140016702072,N/A,0.00600895552807046,N/A,0.011336122525599361,N/A,N/A,32.56159
RVTY,116.13,14133253120,N/A,0.3030830558185644,N/A,0.04731046153064947,N/A,-0.029578054861825413,N/A,-0.06962025088984648,N/A,N/A,55.564594
ROK,293.83,33172523008,N/A,0.08845240956432376,N/A,0.16202150643788912,N/A,0.12888681282295872,N/A,0.11536504428110532,N/A,N/A,35.44391
ROL,49.66,24050585600,N/A,0.22770376418634694,N/A,0.05417497249385999,N/A,-0.01323895609467919,N/A,0.04098548433708419,N/A,N/A,51.195873
ROP,575.95,61758541824,N/A,0.08143349263499612,N/A,0.04935711013153162,N/A,0.04416364850933041,N/A,0.06248151904212828,N/A,N/A,42.38043
ROST,154.48,51250589696,N/A,,N/A,0.07702118361251406,N/A,0.020951515801199198,N/A,0.0982510733547877,N/A,N/A,24.327559
RCL,249.74,67148845056,N/A,1.1902496973628887,N/A,0.6196934935211116,N/A,0.5679527806248968,N/A,0.22187974336208338,N/A,N/A,24.999
SPGI,520.26,161436680192,N/A,0.2390663996152529,N/A,0.20120914306425766,N/A,0.020303737612989484,N/A,0.07287635031673925,N/A,N/A,45.878307
CRM,367.87,352051593216,N/A,0.4720065765713675,N/A,0.5201066186259895,N/A,0.4853161770984571,N/A,0.23442162325123767,N/A,N/A,54.661217
SBAC,220.81,23742152704,N/A,-0.10177425696064231,N/A,0.14040241512117532,N/A,-0.039015765422959106,N/A,-0.030446415279157778,N/A,N/A,34.828075
SLB,42.74,60355293184,N/A,-0.13422864406977425,N/A,-0.008417489995924425,N/A,0.023705185511272236,N/A,0.06674043821150726,N/A,N/A,14.059212
STX,97.63,20651673600,N/A,0.30699166670922334,N/A,0.03062822646187405,N/A,0.015570126908971674,N/A,-0.02262488140412027,N/A,N/A,25.490862
SRE,91.5,57956007936,N/A,0.32191641533023807,N/A,0.22313173683840154,N/A,0.11568009752198598,N/A,0.1322856424250618,N/A,N/A,20.154184
NOW,1123.13,231720796160,N/A,0.6319346252805569,N/A,0.5972609973479619,N/A,0.3436819798564851,N/A,0.17655744183680794,N/A,N/A,175.48906
SHW,392.07,98744000512,N/A,0.39701609313940994,N/A,0.29442347683944786,N/A,0.07984325006234542,N/A,0.049126543248690674,N/A,N/A,39.050797
SPG,181.51,68152098816,N/A,0.46351127000465725,N/A,0.21096678612327088,N/A,0.1212818658044379,N/A,0.05430992181111607,N/A,N/A,24.169106
SWKS,87.76,14034666496,N/A,-0.08855544458964035,N/A,-0.029256644784273315,N/A,-0.13138489652474777,N/A,0.005796020352916382,N/A,N/A,23.783197
SJM,115.44,12284663808,N/A,0.03130278610769162,N/A,0.019676612347311665,N/A,-0.018217780897770087,N/A,0.025391979716270923,N/A,N/A,23.321213
SNA,362.86,19052834816,N/A,0.33562506781920187,N/A,0.3762663240834872,N/A,0.3057774348475599,N/A,0.10271601979699607,N/A,N/A,18.65604
SOLV,70.26,12137906176,N/A,0.016787287286458452,N/A,0.2762942956173529,N/A,0.10073629930270475,N/A,-0.026465265586873437,N/A,N/A,184.89474
SO,85.85,94064123904,N/A,0.2548891975779506,N/A,0.10970241616136427,N/A,-0.026445129076882266,N/A,-0.017717164433821753,N/A,N/A,20.011654
LUV,34.15,20481019904,N/A,0.287157572395282,N/A,0.24148666911204375,N/A,0.16156464092182804,N/A,0.14175861498557463,N/A,N/A,
SWK,86.03,13262729216,N/A,-0.02420752478633572,N/A,0.048319909203628705,N/A,-0.13124790749848994,N/A,-0.08045871850660832,N/A,N/A,
SBUX,100.7,114173648896,N/A,0.08150052760118695,N/A,0.25119979220848165,N/A,0.08738853587143412,N/A,0.04424265223914903,N/A,N/A,30.70122
STT,97.37,28544114688,N/A,0.37836536473897914,N/A,0.3307126697905922,N/A,0.14228540127954065,N/A,0.05538692548721329,N/A,N/A,15.261756
STLD,141.38,21524398080,N/A,0.22956733811855543,N/A,0.10963788635764558,N/A,0.24515733189700814,N/A,0.058391960338571906,N/A,N/A,12.864423
STE,217.25,21444159488,N/A,0.10467984432976708,N/A,-0.050484264698467965,N/A,-0.10203741830308569,N/A,-0.03541794908865442,N/A,N/A,36.512608
SYK,389.76,148582744064,N/A,0.3545007906416871,N/A,0.1198903018059463,N/A,0.08622271346803638,N/A,0.0623058230684115,N/A,N/A,41.819744
SMCI,41.81,24482473984,N/A,0.5899756902986848,N/A,-0.46254113407019154,N/A,-0.05360137010644501,N/A,0.6062235457969197,N/A,N/A,20.800995
SYF,66.82,26015965184,N/A,1.0104811851196178,N/A,0.5675522452920082,N/A,0.3615360420159124,N/A,0.21358514953495117,N/A,N/A,8.677922
SNPS,588.0,90617856000,N/A,0.0976087358507785,N/A,0.024658055268913136,N/A,0.22189434875614011,N/A,0.12102489534237496,N/A,N/A,63.70531
SYY,80.37,39479832576,N/A,0.12783648032800898,N/A,0.12173638090913812,N/A,0.03375455531776929,N/A,0.06633935347235634,N/A,N/A,20.66067
TMUS,243.08,282091913216,N/A,0.6017274072653043,N/A,0.3614710339511185,N/A,0.2165588086491383,N/A,0.0878775780043259,N/A,N/A,27.68565
TROW,123.0,27325558784,N/A,0.27967914548864226,N/A,0.08242328822077014,N/A,0.19134544316273783,N/A,0.0934305479226567,N/A,N/A,13.47207
TTWO,188.2,33053001728,N/A,0.20056140976576153,N/A,0.13599325212812072,N/A,0.207184139628398,N/A,0.15509733296621575,N/A,N/A,
TPR,63.83,14874688512,N/A,1.038707186851411,N/A,0.4901563757231523,N/A,0.5485870174932987,N/A,0.3144563054956541,N/A,N/A,18.50145
TRGP,195.45,42620416000,N/A,1.2777037906513045,N/A,0.6734836492860035,N/A,0.30993919715288654,N/A,0.15514186480622458,N/A,N/A,35.34358
TGT,130.07,59599638528,N/A,0.00789244881210402,N/A,-0.09022824159253306,N/A,-0.13695267390986748,N/A,-0.12653783333258195,N/A,N/A,13.793214
TEL,153.2,45831614464,N/A,0.19644597655564783,N/A,0.03036020014619856,N/A,0.03234505593621407,N/A,0.020652856565152103,N/A,N/A,14.816247
TDY,478.89,22317375488,N/A,0.19112054356434693,N/A,0.21854961832061065,N/A,0.14021428571428568,N/A,0.04579399449108145,N/A,N/A,24.272175
TFX,187.33,8700298240,N/A,-0.17150206438522642,N/A,-0.13151978639541262,N/A,-0.23352205626975484,N/A,-0.09485147784871063,N/A,N/A,37.16865
TER,116.89,19036821504,N/A,0.28638931460186895,N/A,-0.18221978161577848,N/A,-0.05949367250233392,N/A,0.12227653055611085,N/A,N/A,37.226112
TSLA,357.93,1148976758784,N/A,0.49937164112647603,N/A,1.0115207097283399,N/A,0.6995726003163917,N/A,0.47393347635358923,N/A,N/A,96.21774
TXN,196.65,179387465728,N/A,0.2861863790726835,N/A,0.015253345904073977,N/A,-0.019250435500859635,N/A,-0.034420129313851966,N/A,N/A,36.48423
TPL,1387.92,31887325184,N/A,1.8558193258288116,N/A,1.379402050185997,N/A,0.7045903056476702,N/A,0.1504904770534646,N/A,N/A,71.43181
TXT,85.07,15781506048,N/A,0.1148134531527789,N/A,-0.008049263507187083,N/A,-0.04329248314630561,N/A,0.03693319174377502,N/A,N/A,18.61488
TMO,528.87,202292772864,N/A,0.07866755955961764,N/A,-0.08670200261393818,N/A,-0.12734191656327043,N/A,-0.047887324438896706,N/A,N/A,33.116467
TJX,125.5,141082083328,N/A,0.4458712925539835,N/A,0.18137115455535563,N/A,0.07103743873020991,N/A,0.11713311515685433,N/A,N/A,29.599058
TSCO,285.86,30540994560,N/A,0.4026502656325726,N/A,0.06820191771055262,N/A,0.06942634957263187,N/A,0.061475726166187974,N/A,N/A,27.780369
TT,417.48,93943021568,N/A,0.8331664730092065,N/A,0.3176285548921494,N/A,0.20892369084817233,N/A,0.10740340808638538,N/A,N/A,37.883846
TDG,1307.81,73538682880,N/A,0.4450770622240425,N/A,0.03456759045893087,N/A,0.03624459659544402,N/A,-0.005762560582051746,N/A,N/A,51.026535
TRV,261.78,59429036032,N/A,0.4531655265645486,N/A,0.25996790741872683,N/A,0.15383789196223022,N/A,0.07812694136215899,N/A,N/A,13.438398
TRMB,75.28,18383978496,N/A,0.6386591695767505,N/A,0.35468778861648204,N/A,0.37022209467989975,N/A,0.22785839689762022,N/A,N/A,12.588629
TFC,46.22,61357977600,N/A,0.4680886536213201,N/A,0.2995929035549906,N/A,0.057126695758753426,N/A,0.11115157558934026,N/A,N/A,
TYL,635.69,27206641664,N/A,0.54718039174092,N/A,0.32044780497149616,N/A,0.09844144349754928,N/A,0.0584073117397536,N/A,N/A,116.2139
TSN,63.61,22636509184,N/A,0.3166649669100177,N/A,0.1457420593795368,N/A,-0.010841789781173627,N/A,0.09923430179453264,N/A,N/A,28.27111
USB,52.01,81137156096,N/A,0.38221206900502,N/A,0.36457356067369395,N/A,0.1336095779845042,N/A,0.10214031603219732,N/A,N/A,16.003077
UBER,72.16,151948034048,N/A,0.24478175746922573,N/A,0.04731492600760875,N/A,0.0037557464549156324,N/A,-0.014880546075085372,N/A,N/A,35.5468
UDR,44.99,16900943872,N/A,0.3590252051842698,N/A,0.1592288372099424,N/A,0.01129558516250212,N/A,0.0694081370657824,N/A,N/A,118.394745
ULTA,399.81,18836928512,N/A,-0.16951936178694987,N/A,0.03879129839892139,N/A,0.11429769677331887,N/A,0.041443100694098046,N/A,N/A,16.05018
UNP,235.0,142470397952,N/A,0.03442992862542571,N/A,0.03477855338778482,N/A,-0.07918971114845808,N/A,0.02213908162678825,N/A,N/A,21.599264
UAL,99.25,32640942080,N/A,1.5069461888727045,N/A,0.8621013399750578,N/A,1.262366136687206,N/A,0.284789644012945,N/A,N/A,11.829558
UPS,128.78,109896982528,N/A,-0.12434160542651913,N/A,-0.040238392506338434,N/A,0.02247018763603218,N/A,-0.019812385537024933,N/A,N/A,19.453173
URI,868.24,56975990784,N/A,0.8425470103714511,N/A,0.38281763723731294,N/A,0.23939997168379074,N/A,0.10672256952529692,N/A,N/A,22.728796
UNH,610.79,562100240384,N/A,0.12307411637110612,N/A,0.22640289826281557,N/A,0.023845574135926736,N/A,0.09505706404461818,N/A,N/A,39.380398
UHS,199.12,13135070208,N/A,0.46898547970751164,N/A,0.053585717544047354,N/A,-0.1571096898942906,N/A,-0.04554771998707747,N/A,N/A,13.265822
VLO,134.07,42444554240,N/A,0.09804285090861097,N/A,-0.1269976574308882,N/A,-0.04443760402374509,N/A,0.039537059724439695,N/A,N/A,11.791557
VTR,62.13,26064220160,N/A,0.3708858476022007,N/A,0.26651667233554543,N/A,0.002066748434098352,N/A,-0.03449881160469464,N/A,N/A,
VLTO,107.52,26590556160,N/A,0.4286135712831758,N/A,0.0845468022754697,N/A,-0.02406108566498329,N/A,0.049692469780916494,N/A,N/A,33.185184
VRSN,187.0,17970700288,N/A,-0.1389630430683165,N/A,0.03716027085323372,N/A,0.011302775926118778,N/A,0.05138872910313306,N/A,N/A,21.794872
VRSK,291.69,41189838848,N/A,0.22982089806886127,N/A,0.12518462056250884,N/A,0.06470671740847826,N/A,0.05219680656366809,N/A,N/A,45.01389
VZ,42.52,178993463296,N/A,0.18046216353263786,N/A,0.06195189855593161,N/A,0.005911081113447646,N/A,0.03555768577393904,N/A,N/A,18.982143
VRTX,463.98,119488307200,N/A,0.31012285188862154,N/A,-0.04438448465280649,N/A,-0.02463740152676414,N/A,-0.01865479699807196,N/A,N/A,
VTRS,13.04,15564413952,N/A,0.41268944634506405,N/A,0.2759636884854275,N/A,0.10674325102562549,N/A,0.14927322212247163,N/A,N/A,
VICI,31.77,33490980864,N/A,0.10961650329598133,N/A,0.14852627295871065,N/A,-0.038727844570662445,N/A,0.0025244387691444187,N/A,N/A,11.766666
V,309.9,599709188096,N/A,0.22645920524990262,N/A,0.12298514810918472,N/A,0.11470231382875659,N/A,0.06386556417816121,N/A,N/A,32.1473
VST,161.31,54881853440,N/A,3.3777551441907674,N/A,0.8793656428263624,N/A,1.1348505140883192,N/A,0.3937273455790809,N/A,N/A,30.37853
VMC,285.65,37723222016,N/A,0.35687572010161284,N/A,0.15327298397634248,N/A,0.1971248578601316,N/A,0.06244891602773384,N/A,N/A,44.632812
WRB,63.66,24258852864,N/A,0.33523517795068386,N/A,0.21576690501295054,N/A,0.05796070642345779,N/A,0.10655312620846263,N/A,N/A,16.323076
GWW,1192.6,58079858688,N/A,0.5053053119372791,N/A,0.36191693094771754,N/A,0.24435955492952643,N/A,0.0903363769323356,N/A,N/A,32.363636
WAB,202.7,34842103808,N/A,0.7138073102799303,N/A,0.23880293646384051,N/A,0.23631275760302042,N/A,0.07470145692273919,N/A,N/A,33.783333
WBA,8.74,7556752384,N/A,-0.5390091549739986,N/A,-0.41864325479190667,N/A,0.003956673410428711,N/A,-0.03478114006475546,N/A,N/A,
WMT,94.45,759212670976,N/A,0.8440571564973975,N/A,0.41056178863752485,N/A,0.22392124194721694,N/A,0.1455427955842229,N/A,N/A,38.551018
DIS,116.99,211861864448,N/A,0.2987418017211801,N/A,0.1612462911427566,N/A,0.312577174970278,N/A,0.2213174536157268,N/A,N/A,42.69708
WBD,10.65,26126258176,N/A,-0.020239180117320333,N/A,0.2769783939027051,N/A,0.4470108433156535,N/A,0.3035495594304849,N/A,N/A,
WM,225.29,90423746560,N/A,0.31597584244090493,N/A,0.12072291709996368,N/A,0.07977963277150378,N/A,0.05157764294021413,N/A,N/A,34.342987
WAT,391.35,23236876288,N/A,0.3733987830667772,N/A,0.30211284609859335,N/A,0.1518763796909493,N/A,0.010352671296592173,N/A,N/A,37.30696
WEC,98.35,31113414656,N/A,0.2207167466546112,N/A,0.2462134090223586,N/A,0.059472570354499,N/A,0.045183971522456234,N/A,N/A,24.046453
WFC,73.06,243252527104,N/A,0.6855707766254262,N/A,0.2825623495132693,N/A,0.25888258878537174,N/A,0.15354742636334712,N/A,N/A,15.413503
WELL,133.59,83185156096,N/A,0.521394470019336,N/A,0.2902259882051655,N/A,0.09988188802277015,N/A,-0.0004349654814309161,N/A,N/A,84.55063
WST,321.08,23253383168,N/A,-0.06295819388714712,N/A,0.01998906249106269,N/A,0.05634030522088348,N/A,0.020700537351763516,N/A,N/A,47.63798
WDC,72.34,25008515072,N/A,0.5467179664735665,N/A,-0.0386710963455149,N/A,0.14716140857300267,N/A,0.10916894581468882,N/A,N/A,79.4945
WY,31.24,22698422272,N/A,0.028382375553935444,N/A,0.06323571984897526,N/A,0.03812213666818504,N/A,-0.008693166587471147,N/A,N/A,42.794518
WMB,56.3,68630265856,N/A,0.6286816091062312,N/A,0.3896546029184926,N/A,0.2491636345415874,N/A,0.07978520634922488,N/A,N/A,23.855932
WTW,332.53,33494083584,N/A,0.3866211736215588,N/A,0.3148162419340173,N/A,0.14137177339036652,N/A,0.0981110625361414,N/A,N/A,
WYNN,94.79,10409363456,N/A,0.16567439366108377,N/A,0.031113448153835904,N/A,0.25372504318904704,N/A,-0.006326281259959713,N/A,N/A,11.379352
XEL,70.72,40610394112,N/A,0.2034581350135904,N/A,0.3144566851241141,N/A,0.1409441401015677,N/A,0.0744454622894976,N/A,N/A,20.985165
XYL,127.54,30985203712,N/A,0.21890085070440946,N/A,-0.06307449065754793,N/A,-0.021520280149571015,N/A,0.05840031838894994,N/A,N/A,36.649426
YUM,138.16,38556590080,N/A,0.13289500726635523,N/A,-0.009286487865735419,N/A,0.04007699905841792,N/A,0.045717624425094874,N/A,N/A,25.8243
ZBRA,411.94,21247864832,N/A,0.7577231563712704,N/A,0.33968588598936544,N/A,0.2466030709114158,N/A,0.09262111294863419,N/A,N/A,55.894165
ZBH,110.62,22021566464,N/A,-0.03692557666327487,N/A,-0.019914653424360627,N/A,-0.04565836097020795,N/A,0.020385538817789473,N/A,N/A,21.11069
ZTS,175.32,79098249216,N/A,-0.014436982284988843,N/A,-0.003544251103516505,N/A,-0.04267891262159223,N/A,0.000799219831444252,N/A,N/A,33.016953
